,0
FLIR,0.002686824152896107
KMX,0.004460731822656296
BSX,0.004755029249076385
AKAM,0.00508574826406911
URBN,0.0052606882608893435
AGN,0.00527044039382655
TGNA,0.005286071172373241
SBUX,0.0054594971477801724
GLW,0.005570576352926177
CLF,0.005603934301570176
AMT,0.0056200354637351655
AKS,0.005676761968427998
AAPL,0.005707473551709247
HAR,0.005781968651272236
F,0.005814399411652476
ATI,0.005846138724911397
1255459D,0.005905374544151481
MU,0.005931801715145937
BA,0.005933926166341274
TSS,0.005943127032430933
VLO,0.005947826252063414
PKI,0.005952287649553338
SVU,0.00597891970556973
DO,0.006084200565453817
RRD,0.0060935445841915565
SWY,0.006110946542787366
WFM,0.006132809018857269
HCBK,0.006184843357488067
SNDK,0.006197342645125516
AZO,0.006271592968038214
PBI,0.006282804741765822
OI,0.006313203992675551
BMY,0.006390451415206148
EMC,0.0064280184626866015
ADSK,0.006449722160164766
AES,0.006465987958569988
RAI,0.0064714130590874976
AMD,0.006483179341571861
JNPR,0.006507037983983572
ANDV,0.00651360542993396
PCP,0.0065288660326025035
EL,0.006593788015723307
JCP,0.006624836825520394
SWN,0.0066734272249458675
TWX,0.0066825943822083015
VIAV,0.006694615934042887
GT,0.006777950419420994
HAS,0.0068031715029252295
FOXA,0.006874999248284634
GHC,0.0068826526095404515
MDP,0.006950238648251886
HRB,0.006956168308314297
CBS,0.007000513060588745
STZ,0.007030785350248101
BBY,0.007043273813369063
MRK,0.007048522804091489
RSHCQ,0.007088602065383408
CI,0.007153518737032247
CMS,0.007172839338365737
CAT,0.007199394605115298
HPQ,0.00721038329877855
SUNEQ,0.007224059936873803
MCD,0.007233388220189639
A,0.007269249999924363
X,0.007322545812231827
LXK,0.0073279551680396375
MSI,0.00732931483322388
ODP,0.0073317218595365065
THC,0.007331764034772746
HSY,0.007392928853892613
EXC,0.007415325308073961
HUM,0.007426415464087937
PDCO,0.007429706567009639
HES,0.007447243587379662
EIX,0.007479646712482776
NI,0.007491555264344571
IR,0.007501061044612312
RHT,0.00750207527826293
NFX,0.007535567959794366
WHR,0.007561019967731309
PPL,0.007589121025650315
9876544D,0.007594669457122177
JCI,0.0075957778764003635
JWN,0.0076003987779267555
CTSH,0.007610532982176603
NWL,0.007651388266695013
MYL,0.0076684328400388425
CVC,0.0076691654128792945
KR,0.007671805359491932
EA,0.007693320584182917
HOT,0.0077064539862200954
ETN,0.007711938593944482
COP,0.007777376548308571
APOL,0.007785526294644759
ETFC,0.007791045218412539
1448062D,0.007807649817971379
PHM,0.007810545067099454
OKE,0.007859158814980718
9876641D,0.007863689045765676
SLB,0.007872348325676942
LB,0.007873939309500002
LM,0.007884387531930692
HAL,0.00791376613686876
DUK,0.007937084062745008
EMN,0.00796239782053236
CMCSA,0.007963286978051055
KO,0.007969259478815502
FCX,0.007984660389487263
HD,0.008004948885734102
LMT,0.008043681189976684
GE,0.00804818845963923
CMI,0.008052801547461576
SYK,0.00806073398443966
TXN,0.008068483105757479
NVDA,0.008077526749500144
AA,0.00809074266936895
NOC,0.00809380276186412
ANF,0.008119715422674673
CAG,0.008155998406442665
LUV,0.00816138164229875
NOV,0.008166733714511458
DE,0.008174813070962942
NYT,0.008181676230348375
IP,0.008182089716617628
MWW,0.008187926493274772
SWK,0.00819602567491445
XEL,0.008199649676124006
VRSN,0.00820037320332261
AVB,0.00820060653243763
TIF,0.008205891086971649
AON,0.008206886729369683
DIS,0.008219985388826305
DTE,0.008232077174437564
CTXS,0.008256987144891996
BLL,0.008282422009398393
FRX,0.008290910554842969
BAX,0.008309130119065667
LEN,0.008315222305590399
IFF,0.008319059216867649
ROK,0.008354852758461663
PXD,0.008356528882113383
1436513D,0.008370799359450402
1500785D,0.008403253988176441
HSH,0.008407682938949373
T,0.00840782544261885
WAT,0.008410905539595124
DOV,0.00841889293521116
PCG,0.008439416283451578
INTC,0.008476314781407127
PWR,0.00847849071341581
CVS,0.00847902265627107
GPC,0.00852393493229841
M,0.008528664995893219
EOG,0.008537837916739534
TEG,0.008544444670088405
WBA,0.008561127012785134
EQT,0.008575338588745849
ES,0.008584776299067913
TSN,0.008604834829756783
CNX,0.008606679023991561
AXP,0.008635373324877734
CSX,0.008640395413008638
DOW,0.008646250608409895
ETR,0.008649278786746789
AVY,0.008652479641606793
AIV,0.008668709582761882
R,0.008674831855765206
CAH,0.00867578362161497
CNP,0.008700114629545057
PBCT,0.008705558265090256
ATGE,0.008719586887640126
IPG,0.008722033458268089
HON,0.008728832886003875
RRC,0.008731338647708229
BEN,0.008752423684378993
TER,0.008783676795500343
PEG,0.008785583285525122
VTR,0.008805117073495926
AVP,0.008824417369677363
MRO,0.008825368460311232
PCAR,0.00883094415219664
LUK,0.008848648427891865
DVA,0.008854190625591828
CELG,0.008856588180643159
ORLY,0.008857825264742148
GS,0.008864622997554677
UNH,0.008866294484611709
CERN,0.00888143869601558
TXT,0.008881482335692794
HP,0.008889734654592588
KMB,0.008893926136215615
CA,0.008898849545338278
MCO,0.008916116934116923
ABC,0.008922086671355207
CSC,0.008935857629962452
MAR,0.00894430035548389
PPG,0.008955395836503687
MAR.1,0.008981102265935095
DHI,0.009011857234904434
FLS,0.00902217596144516
NUE,0.00902347291045629
L,0.009053192227777989
DVN,0.009058099542866392
GILD,0.009067521710153572
PFE,0.009082202504796879
BIIB,0.009090370690512519
EBAY,0.009091949479265622
BCR,0.009096993098374192
GD,0.009128894830777827
CMA,0.009148676117509965
AEP,0.0091586979771056
COG,0.009168008379972382
MCK,0.009178214619275548
ESRX,0.009186371642819506
DF,0.009189207022196619
HOG,0.009191664688410718
1431816D,0.009192039611335126
AN,0.009206737053855302
CSCO,0.009211921136455777
ITT,0.009217803538576973
DD,0.00922398196849723
MKC,0.009238839892826216
NTAP,0.009266819202919429
FDX,0.009269313391831817
AMZN,0.009306942557599316
STR,0.009307948116489474
MMM,0.009313287307417538
FE,0.009323554913013444
MAT,0.00932711127947738
CPB,0.009352002196053128
HRL,0.00938477337953485
RTN,0.009387395019125033
BHGE,0.00941479454760047
STJ,0.009452937354460591
TMO,0.009465864959713842
BRK/B,0.009505918731290888
GPS,0.009518371874673639
APA,0.009535876278455068
FTR,0.009536714877097046
SRCL,0.009554388832885875
XL,0.009568844633171453
BRCM,0.009593450646821053
FMC,0.009612190979564955
CHK,0.009637799011616922
NEM,0.009704209519511332
EMR,0.009716372736958743
HRS,0.00974729689225082
CAM,0.00976425594712962
MDT,0.00981947497910742
JEC,0.009843328323781195
IBM,0.009844802706437557
C,0.009849554559249633
ROST,0.009857421517302567
WY,0.009865168174922596
JBL,0.009892029289852784
BXP,0.009917587080652325
DNR,0.009931514097471528
SPGI,0.009940399874815199
1541931D,0.009945898454803148
APD,0.0099937471985559
ADI,0.010023339262588332
PNW,0.010046975720112062
ADM,0.010075311596361564
CVX,0.01009453830152483
AEE,0.010107285178531867
PH,0.010122886435910663
BMS,0.010146803861250999
1284849D,0.010147978082717318
QCOM,0.010172190570649024
AMGN,0.010202792032798278
PGR,0.01020884890355428
EQR,0.010218310138513613
MAS,0.010219573872033434
VAR,0.010263495870871154
BDX,0.010284938350536144
FDO,0.010294116194590133
PLL,0.010302610061154608
VNO,0.010309204638073395
KLAC,0.010348180991112248
MO,0.010354465274270126
LLL,0.010357603567469807
UTX,0.010402492912677324
BIG,0.010468709236982357
JNJ,0.01046887215271656
ROP,0.01047728560565288
IVZ,0.0104824946601988
NEE,0.010488252338882415
AMAT,0.010500977356202663
VMC,0.01050115517352081
TJX,0.010523388477755916
XRAY,0.010557624098161881
RL,0.010568465587864416
FHN,0.010569935700021179
SEE,0.01058477445055095
ARG,0.01059372905162179
EFX,0.010602944273539722
PCLN,0.010609825617348396
SCHW,0.01063026600154965
SNA,0.010668561598692729
WDC,0.010673940149821887
PAYX,0.010692144834182439
ITW,0.010693846007823771
LH,0.010695298199025056
OMC,0.0107208863446735
NBR,0.010735800349567432
NE,0.010745345592212874
MUR,0.010790609951565593
VFC,0.010803846180707314
SJM,0.010835732520470608
SLM,0.010836349605262061
LOW,0.010838056226456097
TMK,0.010853975814179191
VZ,0.010859319662274457
ALL,0.010878667331239862
COST,0.010945493895116893
XOM,0.01095230474931529
PEP,0.010983935067527728
RDC,0.011032237545174857
EXPD,0.01103517118960937
MTB,0.011055601856220957
ZION,0.01107789738861841
NKE,0.011096387246081188
DHR,0.011108570192251125
CCL,0.011115869351643671
LLY,0.011122063692808925
RHI,0.011142793910886715
NSC,0.011158813801011273
SHW,0.011163487463826805
KIM,0.011185537670486955
FII,0.0112451529804447
UNP,0.011262573796820847
XLNX,0.011265388079413017
ADBE,0.01128308422993033
ADP,0.011289789842832973
IRM,0.011310324810883947
K,0.011356414361133452
HST,0.01140543802506582
TAP,0.011435624643927451
KEY,0.011438082997178066
FAST,0.011461994130086592
1519128D,0.011469408158688696
SO,0.011472243920734702
SPG,0.011473534492951788
APC,0.011503425170824857
LEG,0.011516795854597712
OXY,0.011544765865449001
MMC,0.011562321391166376
BAC,0.0116120858106695
SPLS,0.011614609326250176
CTL,0.011695664382918455
TROW,0.01179803731017872
BF/B,0.011842679521077537
STI,0.011944256874970171
AIG,0.011965339641085834
FFIV,0.011968381432020761
SRE,0.01197595812400316
MS,0.011991616643952145
COF,0.012054551867148572
YUM,0.012189347934237201
ABT,0.012214151324715173
CHRW,0.01221528895308057
PG,0.01221711945630576
XRX,0.012253301985104133
RF,0.012254628686790192
HIG,0.012293353726764725
TGT,0.012311097439650741
UPS,0.012350881020814544
PSA,0.012362592153232066
SYMC,0.012372312408636486
SYY,0.012421722375526434
ORCL,0.012474783723300045
FISV,0.012547126631857676
GWW,0.012549415762439751
CINF,0.012571701311107027
BK,0.012669427026960264
WM,0.012701987297335135
ECL,0.012815649468170313
D,0.012948859725916403
GIS,0.012949585466662914
APH,0.013003286909900718
MSFT,0.013033345654318266
NBL,0.01305164158120052
DRI,0.013102103579511961
LNC,0.013102145515419978
CL,0.01314587850659966
JPM,0.01319253323763293
NTRS,0.013365534461482451
KSS,0.013463470643392863
BBBY,0.01347879068232536
DGX,0.01349022390731267
9876566D,0.01360910147449434
FITB,0.013631290639453172
UNM,0.013966166894972204
TRV,0.014069733884420989
WEC,0.014070801239493318
CTAS,0.014074603026765475
LLTC,0.014152429069257988
HCN,0.014195617579769382
MCHP,0.014232876079929384
ED,0.01445378452250298
WMT,0.014631328959697633
INTU,0.014806972124475529
STT,0.01481647027895294
SIAL,0.014876676863038172
HCP,0.014978120210045997
RSG,0.015009440328309075
AFL,0.015086092267004105
PX,0.015259456610405132
PCL,0.015412666474688903
PNC,0.015514498184127404
CLX,0.015972364051595293
SCG,0.01668186201199539
QLGC,0.016723405472275528
USB,0.016881170897030555
CB,0.01804534223682346
HBAN,0.018242710216530587
BBT,0.01870878667209274
WFC,0.02445882443727189
